time,open,high,low,close,volume,symbols,date-first,month-first,minutes
2022-03-25 19:19:00,131.3,131.3,131.3,131.3,718,my_symbols,26/04/2022,05/26/2022,07:19:00 PM
2022-03-25 19:18:00,131.3,131.3,131.3,131.3,282,my_symbols,26/04/2022,05/26/2022,07:18:00 PM
2022-03-25 17:50:00,131.3,131.3,131.3,131.3,100,my_symbols,26/04/2022,05/26/2022,05:50:00 PM
2022-03-25 16:59:00,131.34,131.35,131.34,131.35,1427,my_symbols,26/04/2022,05/26/2022,04:59:00 PM
2022-03-25 16:42:00,131.326,131.35,131.326,131.35,1326,my_symbols,26/04/2022,05/26/2022,04:42:00 PM
2022-03-25 16:06:00,131.4,131.4,131.4,131.4,350,my_symbols,26/04/2022,05/26/2022,04:06:00 PM
2022-03-25 16:04:00,131.35,131.35,131.35,131.35,2249,my_symbols,26/04/2022,05/26/2022,04:04:00 PM
2022-03-25 16:03:00,131.35,131.35,131.35,131.35,11156,my_symbols,26/04/2022,05/26/2022,04:03:00 PM
2022-03-25 16:02:00,131.35,131.35,131.35,131.35,2752,my_symbols,26/04/2022,05/26/2022,04:02:00 PM
2022-03-25 16:01:00,131.35,131.35,131.35,131.35,39602,my_symbols,26/04/2022,05/26/2022,04:01:00 PM
2022-03-25 16:00:00,131.23,131.4,131.23,131.35,91175,my_symbols,26/04/2022,05/26/2022,04:00:00 PM
2022-03-25 15:59:00,131.1823,131.25,131.1823,131.22,49322,my_symbols,26/04/2022,05/26/2022,03:59:00 PM
2022-03-25 15:58:00,131.1575,131.2,131.15,131.19,35255,my_symbols,26/04/2022,05/26/2022,03:58:00 PM
2022-03-25 15:57:00,131.105,131.155,131.1,131.1548,30306,my_symbols,26/04/2022,05/26/2022,03:57:00 PM
2022-03-25 15:56:00,131.0719,131.11,131.06,131.1,27865,my_symbols,26/04/2022,05/26/2022,03:56:00 PM
2022-03-25 15:55:00,131.06,131.085,131.03,131.07,25982,my_symbols,26/04/2022,05/26/2022,03:55:00 PM
2022-03-25 15:54:00,131.07,131.1101,131.07,131.07,22282,my_symbols,26/04/2022,05/26/2022,03:54:00 PM
2022-03-25 15:53:00,131.02,131.08,131.02,131.05,26018,my_symbols,26/04/2022,05/26/2022,03:53:00 PM
2022-03-25 15:52:00,131.05,131.105,131.005,131.015,19419,my_symbols,26/04/2022,05/26/2022,03:52:00 PM
2022-03-25 15:51:00,131.08,131.1,131.03,131.05,24540,my_symbols,26/04/2022,05/26/2022,03:51:00 PM
2022-03-25 15:50:00,131.09,131.1,131.06,131.09,21339,my_symbols,26/04/2022,05/26/2022,03:50:00 PM
2022-03-25 15:49:00,131.09,131.13,131.09,131.1,21925,my_symbols,26/04/2022,05/26/2022,03:49:00 PM
2022-03-25 15:48:00,131.19,131.21,131.1,131.1,28060,my_symbols,26/04/2022,05/26/2022,03:48:00 PM
2022-03-25 15:47:00,131.19,131.19,131.16,131.185,16307,my_symbols,26/04/2022,05/26/2022,03:47:00 PM
2022-03-25 15:46:00,131.1201,131.18,131.1201,131.18,16176,my_symbols,26/04/2022,05/26/2022,03:46:00 PM
2022-03-25 15:45:00,131.1299,131.1299,131.1,131.125,14516,my_symbols,26/04/2022,05/26/2022,03:45:00 PM
2022-03-25 15:44:00,131.1,131.135,131.1,131.11,13306,my_symbols,26/04/2022,05/26/2022,03:44:00 PM
2022-03-25 15:43:00,131.11,131.15,131.08,131.11,16492,my_symbols,26/04/2022,05/26/2022,03:43:00 PM
2022-03-25 15:42:00,131.025,131.11,131.015,131.105,17269,my_symbols,26/04/2022,05/26/2022,03:42:00 PM
2022-03-25 15:41:00,130.81,131.03,130.81,131.03,19127,my_symbols,26/04/2022,05/26/2022,03:41:00 PM
2022-03-25 15:40:00,130.8,130.8082,130.77,130.8,12333,my_symbols,26/04/2022,05/26/2022,03:40:00 PM
2022-03-25 15:39:00,130.77,130.87,130.76,130.8,118395,my_symbols,26/04/2022,05/26/2022,03:39:00 PM
2022-03-25 15:38:00,130.77,130.8399,130.76,130.77,9586,my_symbols,26/04/2022,05/26/2022,03:38:00 PM
2022-03-25 15:37:00,130.72,130.782,130.72,130.77,12632,my_symbols,26/04/2022,05/26/2022,03:37:00 PM
2022-03-25 15:36:00,130.695,130.725,130.68,130.71,7663,my_symbols,26/04/2022,05/26/2022,03:36:00 PM
2022-03-25 15:35:00,130.635,130.71,130.635,130.7,9011,my_symbols,26/04/2022,05/26/2022,03:35:00 PM
2022-03-25 15:34:00,130.63,130.66,130.63,130.63,10270,my_symbols,26/04/2022,05/26/2022,03:34:00 PM
2022-03-25 15:33:00,130.71,130.71,130.64,130.64,6953,my_symbols,26/04/2022,05/26/2022,03:33:00 PM
2022-03-25 15:32:00,130.75,130.763,130.72,130.72,5848,my_symbols,26/04/2022,05/26/2022,03:32:00 PM
2022-03-25 15:31:00,130.68,130.75,130.67,130.75,9035,my_symbols,26/04/2022,05/26/2022,03:31:00 PM
2022-03-25 15:30:00,130.72,130.72,130.68,130.69,6048,my_symbols,26/04/2022,05/26/2022,03:30:00 PM
2022-03-25 15:29:00,130.76,130.765,130.7235,130.7235,4892,my_symbols,26/04/2022,05/26/2022,03:29:00 PM
2022-03-25 15:28:00,130.76,130.76,130.7,130.759,11293,my_symbols,26/04/2022,05/26/2022,03:28:00 PM
2022-03-25 15:27:00,130.795,130.795,130.74,130.77,8421,my_symbols,26/04/2022,05/26/2022,03:27:00 PM
2022-03-25 15:26:00,130.81,130.84,130.7814,130.7814,6317,my_symbols,26/04/2022,05/26/2022,03:26:00 PM
2022-03-25 15:25:00,130.785,130.8001,130.785,130.795,2929,my_symbols,26/04/2022,05/26/2022,03:25:00 PM
2022-03-25 15:24:00,130.8,130.8,130.76,130.78,6429,my_symbols,26/04/2022,05/26/2022,03:24:00 PM
2022-03-25 15:23:00,130.775,130.81,130.7601,130.78,5474,my_symbols,26/04/2022,05/26/2022,03:23:00 PM
2022-03-25 15:22:00,130.7904,130.81,130.76,130.77,6332,my_symbols,26/04/2022,05/26/2022,03:22:00 PM
2022-03-25 15:21:00,130.83,130.83,130.79,130.8,2796,my_symbols,26/04/2022,05/26/2022,03:21:00 PM
2022-03-25 15:20:00,130.82,130.835,130.79,130.82,4196,my_symbols,26/04/2022,05/26/2022,03:20:00 PM
2022-03-25 15:19:00,130.78,130.82,130.77,130.81,5357,my_symbols,26/04/2022,05/26/2022,03:19:00 PM
2022-03-25 15:18:00,130.85,130.85,130.76,130.76,6093,my_symbols,26/04/2022,05/26/2022,03:18:00 PM
2022-03-25 15:17:00,130.93,130.93,130.85,130.855,4594,my_symbols,26/04/2022,05/26/2022,03:17:00 PM
2022-03-25 15:16:00,130.9499,130.95,130.91,130.95,11709,my_symbols,26/04/2022,05/26/2022,03:16:00 PM
2022-03-25 15:15:00,130.92,130.98,130.89,130.9313,16904,my_symbols,26/04/2022,05/26/2022,03:15:00 PM
2022-03-25 15:14:00,130.91,130.94,130.9,130.915,2764,my_symbols,26/04/2022,05/26/2022,03:14:00 PM
2022-03-25 15:13:00,130.925,130.97,130.925,130.955,2132,my_symbols,26/04/2022,05/26/2022,03:13:00 PM
2022-03-25 15:12:00,130.84,130.915,130.84,130.915,1311,my_symbols,26/04/2022,05/26/2022,03:12:00 PM
2022-03-25 15:11:00,130.84,130.86,130.84,130.85,2925,my_symbols,26/04/2022,05/26/2022,03:11:00 PM
2022-03-25 15:10:00,130.83,130.8482,130.78,130.82,7389,my_symbols,26/04/2022,05/26/2022,03:10:00 PM
2022-03-25 15:09:00,130.78,130.84,130.74,130.84,7820,my_symbols,26/04/2022,05/26/2022,03:09:00 PM
2022-03-25 15:08:00,130.894,130.894,130.75,130.77,15191,my_symbols,26/04/2022,05/26/2022,03:08:00 PM
2022-03-25 15:07:00,130.92,130.93,130.88,130.88,7104,my_symbols,26/04/2022,05/26/2022,03:07:00 PM
2022-03-25 15:06:00,130.91,130.942,130.91,130.925,5507,my_symbols,26/04/2022,05/26/2022,03:06:00 PM
2022-03-25 15:05:00,130.92,130.93,130.87,130.89,7717,my_symbols,26/04/2022,05/26/2022,03:05:00 PM
2022-03-25 15:04:00,130.88,130.9541,130.88,130.94,7598,my_symbols,26/04/2022,05/26/2022,03:04:00 PM
2022-03-25 15:03:00,131.0,131.02,130.879,130.879,9477,my_symbols,26/04/2022,05/26/2022,03:03:00 PM
2022-03-25 15:02:00,131.02,131.04,130.99,130.998,8826,my_symbols,26/04/2022,05/26/2022,03:02:00 PM
2022-03-25 15:01:00,131.1,131.11,131.01,131.01,7579,my_symbols,26/04/2022,05/26/2022,03:01:00 PM
2022-03-25 15:00:00,131.07,131.115,131.06,131.1,6360,my_symbols,26/04/2022,05/26/2022,03:00:00 PM
2022-03-25 14:59:00,131.05,131.08,131.05,131.0607,6021,my_symbols,26/04/2022,05/26/2022,02:59:00 PM
2022-03-25 14:58:00,131.09,131.1,131.054,131.054,8581,my_symbols,26/04/2022,05/26/2022,02:58:00 PM
2022-03-25 14:57:00,131.11,131.12,131.08,131.09,3976,my_symbols,26/04/2022,05/26/2022,02:57:00 PM
2022-03-25 14:56:00,131.11,131.13,131.09,131.13,7147,my_symbols,26/04/2022,05/26/2022,02:56:00 PM
2022-03-25 14:55:00,131.115,131.125,131.1,131.12,4119,my_symbols,26/04/2022,05/26/2022,02:55:00 PM
2022-03-25 14:54:00,131.1032,131.12,131.1,131.1,6089,my_symbols,26/04/2022,05/26/2022,02:54:00 PM
2022-03-25 14:53:00,131.09,131.12,131.08,131.1,8262,my_symbols,26/04/2022,05/26/2022,02:53:00 PM
2022-03-25 14:52:00,131.08,131.11,131.08,131.1,9876,my_symbols,26/04/2022,05/26/2022,02:52:00 PM
2022-03-25 14:51:00,131.07,131.08,131.06,131.07,3821,my_symbols,26/04/2022,05/26/2022,02:51:00 PM
2022-03-25 14:50:00,131.03,131.08,131.03,131.055,3430,my_symbols,26/04/2022,05/26/2022,02:50:00 PM
2022-03-25 14:49:00,130.99,131.04,130.99,131.04,5644,my_symbols,26/04/2022,05/26/2022,02:49:00 PM
2022-03-25 14:48:00,131.0,131.03,130.99,130.99,3790,my_symbols,26/04/2022,05/26/2022,02:48:00 PM
2022-03-25 14:47:00,131.06,131.065,131.0,131.02,5858,my_symbols,26/04/2022,05/26/2022,02:47:00 PM
2022-03-25 14:46:00,131.07,131.077,131.05,131.05,5125,my_symbols,26/04/2022,05/26/2022,02:46:00 PM
2022-03-25 14:45:00,131.0745,131.0916,131.05,131.09,5951,my_symbols,26/04/2022,05/26/2022,02:45:00 PM
2022-03-25 14:44:00,131.09,131.1,131.06,131.06,7106,my_symbols,26/04/2022,05/26/2022,02:44:00 PM
2022-03-25 14:43:00,131.015,131.09,131.015,131.09,4487,my_symbols,26/04/2022,05/26/2022,02:43:00 PM
2022-03-25 14:42:00,131.08,131.08,131.01,131.01,5288,my_symbols,26/04/2022,05/26/2022,02:42:00 PM
2022-03-25 14:41:00,131.045,131.09,131.045,131.07,6384,my_symbols,26/04/2022,05/26/2022,02:41:00 PM
2022-03-25 14:40:00,131.03,131.0454,131.02,131.0454,2508,my_symbols,26/04/2022,05/26/2022,02:40:00 PM
2022-03-25 14:39:00,131.03,131.045,131.01,131.02,3888,my_symbols,26/04/2022,05/26/2022,02:39:00 PM
2022-03-25 14:38:00,130.98,131.04,130.98,131.03,3335,my_symbols,26/04/2022,05/26/2022,02:38:00 PM
2022-03-25 14:37:00,130.97,130.98,130.95,130.98,5909,my_symbols,26/04/2022,05/26/2022,02:37:00 PM
2022-03-25 14:36:00,130.95,130.98,130.92,130.98,5534,my_symbols,26/04/2022,05/26/2022,02:36:00 PM
2022-03-25 14:35:00,130.9,130.975,130.9,130.965,3037,my_symbols,26/04/2022,05/26/2022,02:35:00 PM
2022-03-25 14:34:00,130.96,130.96,130.88,130.89,4884,my_symbols,26/04/2022,05/26/2022,02:34:00 PM
2022-03-25 14:33:00,130.97,131.02,130.97,130.97,13445,my_symbols,26/04/2022,05/26/2022,02:33:00 PM
2022-03-25 14:32:00,130.98,130.99,130.96,130.97,5488,my_symbols,26/04/2022,05/26/2022,02:32:00 PM
2022-03-25 14:31:00,130.96,130.99,130.9519,130.96,5496,my_symbols,26/04/2022,05/26/2022,02:31:00 PM
2022-03-25 14:30:00,130.91,130.95,130.91,130.95,10725,my_symbols,26/04/2022,05/26/2022,02:30:00 PM
2022-03-25 14:29:00,130.94,130.95,130.895,130.9,3695,my_symbols,26/04/2022,05/26/2022,02:29:00 PM
2022-03-25 14:28:00,130.94,130.95,130.93,130.93,4570,my_symbols,26/04/2022,05/26/2022,02:28:00 PM
2022-03-25 14:27:00,130.92,130.93,130.89,130.93,7385,my_symbols,26/04/2022,05/26/2022,02:27:00 PM
2022-03-25 14:26:00,130.95,130.97,130.92,130.93,9346,my_symbols,26/04/2022,05/26/2022,02:26:00 PM
2022-03-25 14:25:00,130.92,130.97,130.92,130.96,9808,my_symbols,26/04/2022,05/26/2022,02:25:00 PM
2022-03-25 14:24:00,130.875,130.94,130.875,130.91,7930,my_symbols,26/04/2022,05/26/2022,02:24:00 PM
2022-03-25 14:23:00,130.86,130.88,130.86,130.87,5467,my_symbols,26/04/2022,05/26/2022,02:23:00 PM
2022-03-25 14:22:00,130.92,130.92,130.83,130.86,11790,my_symbols,26/04/2022,05/26/2022,02:22:00 PM
2022-03-25 14:21:00,130.9,130.93,130.9,130.91,4858,my_symbols,26/04/2022,05/26/2022,02:21:00 PM
2022-03-25 14:20:00,130.9099,130.91,130.88,130.89,3895,my_symbols,26/04/2022,05/26/2022,02:20:00 PM
2022-03-25 14:19:00,130.884,130.9,130.87,130.9,5077,my_symbols,26/04/2022,05/26/2022,02:19:00 PM
2022-03-25 14:18:00,130.909,130.9329,130.87,130.89,6782,my_symbols,26/04/2022,05/26/2022,02:18:00 PM
2022-03-25 14:17:00,130.93,130.93,130.89,130.9,3073,my_symbols,26/04/2022,05/26/2022,02:17:00 PM
2022-03-25 14:16:00,130.89,130.93,130.89,130.93,3218,my_symbols,26/04/2022,05/26/2022,02:16:00 PM
2022-03-25 14:15:00,130.86,130.88,130.84,130.88,3267,my_symbols,26/04/2022,05/26/2022,02:15:00 PM
2022-03-25 14:14:00,130.83,130.86,130.83,130.85,2314,my_symbols,26/04/2022,05/26/2022,02:14:00 PM
2022-03-25 14:13:00,130.83,130.83,130.81,130.83,5303,my_symbols,26/04/2022,05/26/2022,02:13:00 PM
2022-03-25 14:12:00,130.86,130.86,130.8,130.82,6726,my_symbols,26/04/2022,05/26/2022,02:12:00 PM
2022-03-25 14:11:00,130.86,130.88,130.85,130.86,6875,my_symbols,26/04/2022,05/26/2022,02:11:00 PM
2022-03-25 14:10:00,130.78,130.8418,130.78,130.84,5739,my_symbols,26/04/2022,05/26/2022,02:10:00 PM
2022-03-25 14:09:00,130.8,130.82,130.78,130.7864,4241,my_symbols,26/04/2022,05/26/2022,02:09:00 PM
2022-03-25 14:08:00,130.83,130.8315,130.79,130.81,5809,my_symbols,26/04/2022,05/26/2022,02:08:00 PM
2022-03-25 14:07:00,130.84,130.85,130.82,130.82,4516,my_symbols,26/04/2022,05/26/2022,02:07:00 PM
2022-03-25 14:06:00,130.8,130.83,130.8,130.83,4457,my_symbols,26/04/2022,05/26/2022,02:06:00 PM
2022-03-25 14:05:00,130.805,130.82,130.7871,130.8,2910,my_symbols,26/04/2022,05/26/2022,02:05:00 PM
2022-03-25 14:04:00,130.8,130.83,130.79,130.8,9185,my_symbols,26/04/2022,05/26/2022,02:04:00 PM
2022-03-25 14:03:00,130.785,130.7947,130.76,130.79,5441,my_symbols,26/04/2022,05/26/2022,02:03:00 PM
2022-03-25 14:02:00,130.7866,130.79,130.76,130.7753,2336,my_symbols,26/04/2022,05/26/2022,02:02:00 PM
2022-03-25 14:01:00,130.795,130.83,130.76,130.77,10910,my_symbols,26/04/2022,05/26/2022,02:01:00 PM
2022-03-25 14:00:00,130.85,130.85,130.78,130.78,4967,my_symbols,26/04/2022,05/26/2022,02:00:00 PM
2022-03-25 13:59:00,130.77,130.85,130.77,130.85,3688,my_symbols,26/04/2022,05/26/2022,01:59:00 PM
2022-03-25 13:58:00,130.75,130.77,130.74,130.75,3089,my_symbols,26/04/2022,05/26/2022,01:58:00 PM
2022-03-25 13:57:00,130.74,130.77,130.73,130.7398,5271,my_symbols,26/04/2022,05/26/2022,01:57:00 PM
2022-03-25 13:56:00,130.685,130.7397,130.685,130.73,3203,my_symbols,26/04/2022,05/26/2022,01:56:00 PM
2022-03-25 13:55:00,130.67,130.67,130.65,130.655,2037,my_symbols,26/04/2022,05/26/2022,01:55:00 PM
2022-03-25 13:54:00,130.67,130.6984,130.6644,130.6984,2534,my_symbols,26/04/2022,05/26/2022,01:54:00 PM
2022-03-25 13:53:00,130.69,130.7,130.66,130.66,6106,my_symbols,26/04/2022,05/26/2022,01:53:00 PM
2022-03-25 13:52:00,130.73,130.73,130.62,130.68,6726,my_symbols,26/04/2022,05/26/2022,01:52:00 PM
2022-03-25 13:51:00,130.72,130.73,130.68,130.7272,4335,my_symbols,26/04/2022,05/26/2022,01:51:00 PM
2022-03-25 13:50:00,130.74,130.745,130.72,130.72,2529,my_symbols,26/04/2022,05/26/2022,01:50:00 PM
2022-03-25 13:49:00,130.7118,130.75,130.69,130.745,3427,my_symbols,26/04/2022,05/26/2022,01:49:00 PM
2022-03-25 13:48:00,130.7,130.73,130.69,130.7101,8148,my_symbols,26/04/2022,05/26/2022,01:48:00 PM
2022-03-25 13:47:00,130.7,130.7,130.67,130.7,7220,my_symbols,26/04/2022,05/26/2022,01:47:00 PM
2022-03-25 13:46:00,130.7,130.73,130.69,130.71,9023,my_symbols,26/04/2022,05/26/2022,01:46:00 PM
2022-03-25 13:45:00,130.6391,130.69,130.6391,130.69,3112,my_symbols,26/04/2022,05/26/2022,01:45:00 PM
2022-03-25 13:44:00,130.6,130.6343,130.59,130.625,4195,my_symbols,26/04/2022,05/26/2022,01:44:00 PM
2022-03-25 13:43:00,130.58,130.625,130.5701,130.625,9719,my_symbols,26/04/2022,05/26/2022,01:43:00 PM
2022-03-25 13:42:00,130.68,130.68,130.58,130.58,3120,my_symbols,26/04/2022,05/26/2022,01:42:00 PM
2022-03-25 13:41:00,130.71,130.7123,130.65,130.67,4916,my_symbols,26/04/2022,05/26/2022,01:41:00 PM
2022-03-25 13:40:00,130.671,130.715,130.671,130.71,2004,my_symbols,26/04/2022,05/26/2022,01:40:00 PM
2022-03-25 13:39:00,130.605,130.71,130.6,130.71,9081,my_symbols,26/04/2022,05/26/2022,01:39:00 PM
2022-03-25 13:38:00,130.705,130.72,130.63,130.63,3278,my_symbols,26/04/2022,05/26/2022,01:38:00 PM
2022-03-25 13:37:00,130.725,130.73,130.68,130.6801,2077,my_symbols,26/04/2022,05/26/2022,01:37:00 PM
2022-03-25 13:36:00,130.71,130.71,130.67,130.67,4885,my_symbols,26/04/2022,05/26/2022,01:36:00 PM
2022-03-25 13:35:00,130.69,130.705,130.67,130.705,2781,my_symbols,26/04/2022,05/26/2022,01:35:00 PM
2022-03-25 13:34:00,130.64,130.68,130.64,130.67,3885,my_symbols,26/04/2022,05/26/2022,01:34:00 PM
2022-03-25 13:33:00,130.64,130.65,130.62,130.64,3693,my_symbols,26/04/2022,05/26/2022,01:33:00 PM
2022-03-25 13:32:00,130.6367,130.64,130.6,130.64,4322,my_symbols,26/04/2022,05/26/2022,01:32:00 PM
2022-03-25 13:31:00,130.6071,130.64,130.6071,130.63,4396,my_symbols,26/04/2022,05/26/2022,01:31:00 PM
2022-03-25 13:30:00,130.56,130.595,130.56,130.595,6747,my_symbols,26/04/2022,05/26/2022,01:30:00 PM
2022-03-25 13:29:00,130.54,130.545,130.53,130.545,2440,my_symbols,26/04/2022,05/26/2022,01:29:00 PM
2022-03-25 13:28:00,130.54,130.54,130.51,130.525,2613,my_symbols,26/04/2022,05/26/2022,01:28:00 PM
2022-03-25 13:27:00,130.52,130.54,130.52,130.52,3282,my_symbols,26/04/2022,05/26/2022,01:27:00 PM
2022-03-25 13:26:00,130.49,130.555,130.49,130.525,4430,my_symbols,26/04/2022,05/26/2022,01:26:00 PM
2022-03-25 13:25:00,130.46,130.48,130.44,130.475,4234,my_symbols,26/04/2022,05/26/2022,01:25:00 PM
2022-03-25 13:24:00,130.44,130.45,130.4,130.45,2159,my_symbols,26/04/2022,05/26/2022,01:24:00 PM
2022-03-25 13:23:00,130.52,130.53,130.45,130.46,6160,my_symbols,26/04/2022,05/26/2022,01:23:00 PM
2022-03-25 13:22:00,130.65,130.65,130.5,130.5,11577,my_symbols,26/04/2022,05/26/2022,01:22:00 PM
2022-03-25 13:21:00,130.61,130.66,130.61,130.64,3484,my_symbols,26/04/2022,05/26/2022,01:21:00 PM
2022-03-25 13:20:00,130.58,130.6,130.58,130.59,1783,my_symbols,26/04/2022,05/26/2022,01:20:00 PM
2022-03-25 13:19:00,130.56,130.597,130.56,130.56,7200,my_symbols,26/04/2022,05/26/2022,01:19:00 PM
2022-03-25 13:18:00,130.53,130.55,130.53,130.55,731,my_symbols,26/04/2022,05/26/2022,01:18:00 PM
2022-03-25 13:17:00,130.56,130.57,130.53,130.5393,3530,my_symbols,26/04/2022,05/26/2022,01:17:00 PM
2022-03-25 13:16:00,130.53,130.5902,130.53,130.565,5286,my_symbols,26/04/2022,05/26/2022,01:16:00 PM
2022-03-25 13:15:00,130.53,130.53,130.4904,130.5288,1700,my_symbols,26/04/2022,05/26/2022,01:15:00 PM
2022-03-25 13:14:00,130.51,130.56,130.4864,130.56,1184,my_symbols,26/04/2022,05/26/2022,01:14:00 PM
2022-03-25 13:13:00,130.51,130.51,130.46,130.49,3333,my_symbols,26/04/2022,05/26/2022,01:13:00 PM
2022-03-25 13:12:00,130.49,130.4922,130.46,130.4922,2375,my_symbols,26/04/2022,05/26/2022,01:12:00 PM
2022-03-25 13:11:00,130.5,130.5,130.47,130.5,6029,my_symbols,26/04/2022,05/26/2022,01:11:00 PM
2022-03-25 13:10:00,130.5174,130.5174,130.505,130.51,675,my_symbols,26/04/2022,05/26/2022,01:10:00 PM
2022-03-25 13:09:00,130.52,130.53,130.501,130.52,1866,my_symbols,26/04/2022,05/26/2022,01:09:00 PM
2022-03-25 13:08:00,130.57,130.57,130.55,130.55,861,my_symbols,26/04/2022,05/26/2022,01:08:00 PM
2022-03-25 13:07:00,130.47,130.55,130.44,130.55,4317,my_symbols,26/04/2022,05/26/2022,01:07:00 PM
2022-03-25 13:06:00,130.51,130.5196,130.47,130.47,5074,my_symbols,26/04/2022,05/26/2022,01:06:00 PM
2022-03-25 13:05:00,130.515,130.53,130.515,130.53,3582,my_symbols,26/04/2022,05/26/2022,01:05:00 PM
2022-03-25 13:04:00,130.51,130.53,130.485,130.485,3477,my_symbols,26/04/2022,05/26/2022,01:04:00 PM
2022-03-25 13:03:00,130.5,130.5,130.47,130.47,1933,my_symbols,26/04/2022,05/26/2022,01:03:00 PM
2022-03-25 13:02:00,130.6159,130.6159,130.54,130.54,3171,my_symbols,26/04/2022,05/26/2022,01:02:00 PM
2022-03-25 13:01:00,130.6055,130.6233,130.59,130.61,3263,my_symbols,26/04/2022,05/26/2022,01:01:00 PM
2022-03-25 13:00:00,130.66,130.66,130.59,130.62,4210,my_symbols,26/04/2022,05/26/2022,01:00:00 PM
2022-03-25 12:59:00,130.58,130.67,130.58,130.67,6591,my_symbols,26/04/2022,05/26/2022,12:59:00 PM
2022-03-25 12:58:00,130.54,130.58,130.54,130.57,2428,my_symbols,26/04/2022,05/26/2022,12:58:00 PM
2022-03-25 12:57:00,130.53,130.55,130.53,130.54,2657,my_symbols,26/04/2022,05/26/2022,12:57:00 PM
2022-03-25 12:56:00,130.58,130.58,130.51,130.5234,3088,my_symbols,26/04/2022,05/26/2022,12:56:00 PM
2022-03-25 12:55:00,130.53,130.6081,130.53,130.6,4412,my_symbols,26/04/2022,05/26/2022,12:55:00 PM
2022-03-25 12:54:00,130.53,130.53,130.49,130.52,4893,my_symbols,26/04/2022,05/26/2022,12:54:00 PM
2022-03-25 12:53:00,130.59,130.59,130.52,130.52,3187,my_symbols,26/04/2022,05/26/2022,12:53:00 PM
2022-03-25 12:52:00,130.57,130.6063,130.56,130.6,3663,my_symbols,26/04/2022,05/26/2022,12:52:00 PM
2022-03-25 12:51:00,130.52,130.5301,130.51,130.5301,2750,my_symbols,26/04/2022,05/26/2022,12:51:00 PM
2022-03-25 12:50:00,130.56,130.56,130.53,130.53,2247,my_symbols,26/04/2022,05/26/2022,12:50:00 PM
2022-03-25 12:49:00,130.5287,130.555,130.52,130.555,3548,my_symbols,26/04/2022,05/26/2022,12:49:00 PM
2022-03-25 12:48:00,130.525,130.57,130.525,130.57,2736,my_symbols,26/04/2022,05/26/2022,12:48:00 PM
2022-03-25 12:47:00,130.48,130.4998,130.44,130.46,4316,my_symbols,26/04/2022,05/26/2022,12:47:00 PM
2022-03-25 12:46:00,130.49,130.515,130.46,130.5,5438,my_symbols,26/04/2022,05/26/2022,12:46:00 PM
2022-03-25 12:45:00,130.48,130.5024,130.47,130.49,3105,my_symbols,26/04/2022,05/26/2022,12:45:00 PM
2022-03-25 12:44:00,130.36,130.47,130.36,130.47,1385,my_symbols,26/04/2022,05/26/2022,12:44:00 PM
2022-03-25 12:43:00,130.405,130.41,130.3398,130.3578,3365,my_symbols,26/04/2022,05/26/2022,12:43:00 PM
2022-03-25 12:42:00,130.365,130.39,130.3468,130.39,1480,my_symbols,26/04/2022,05/26/2022,12:42:00 PM
2022-03-25 12:41:00,130.35,130.37,130.35,130.35,2672,my_symbols,26/04/2022,05/26/2022,12:41:00 PM
2022-03-25 12:40:00,130.33,130.35,130.31,130.33,6275,my_symbols,26/04/2022,05/26/2022,12:40:00 PM
2022-03-25 12:39:00,130.36,130.37,130.33,130.33,4176,my_symbols,26/04/2022,05/26/2022,12:39:00 PM
2022-03-25 12:38:00,130.39,130.4,130.34,130.37,8398,my_symbols,26/04/2022,05/26/2022,12:38:00 PM
2022-03-25 12:37:00,130.395,130.4053,130.39,130.3984,1576,my_symbols,26/04/2022,05/26/2022,12:37:00 PM
2022-03-25 12:36:00,130.38,130.4,130.3592,130.4,2508,my_symbols,26/04/2022,05/26/2022,12:36:00 PM
2022-03-25 12:35:00,130.37,130.4046,130.35,130.39,3655,my_symbols,26/04/2022,05/26/2022,12:35:00 PM
2022-03-25 12:34:00,130.36,130.385,130.36,130.3724,3367,my_symbols,26/04/2022,05/26/2022,12:34:00 PM
2022-03-25 12:33:00,130.43,130.44,130.34,130.35,5213,my_symbols,26/04/2022,05/26/2022,12:33:00 PM
2022-03-25 12:32:00,130.41,130.43,130.37,130.43,3428,my_symbols,26/04/2022,05/26/2022,12:32:00 PM
2022-03-25 12:31:00,130.46,130.46,130.4,130.42,1896,my_symbols,26/04/2022,05/26/2022,12:31:00 PM
2022-03-25 12:30:00,130.47,130.47,130.43,130.45,2491,my_symbols,26/04/2022,05/26/2022,12:30:00 PM
2022-03-25 12:29:00,130.42,130.5,130.42,130.48,4343,my_symbols,26/04/2022,05/26/2022,12:29:00 PM
2022-03-25 12:28:00,130.35,130.41,130.35,130.41,2364,my_symbols,26/04/2022,05/26/2022,12:28:00 PM
2022-03-25 12:27:00,130.4307,130.4307,130.34,130.37,15001,my_symbols,26/04/2022,05/26/2022,12:27:00 PM
2022-03-25 12:26:00,130.45,130.48,130.44,130.44,2545,my_symbols,26/04/2022,05/26/2022,12:26:00 PM
2022-03-25 12:25:00,130.435,130.46,130.43,130.43,1814,my_symbols,26/04/2022,05/26/2022,12:25:00 PM
2022-03-25 12:24:00,130.48,130.48,130.44,130.44,4011,my_symbols,26/04/2022,05/26/2022,12:24:00 PM
2022-03-25 12:23:00,130.525,130.53,130.485,130.485,2618,my_symbols,26/04/2022,05/26/2022,12:23:00 PM
2022-03-25 12:22:00,130.44,130.53,130.44,130.52,6944,my_symbols,26/04/2022,05/26/2022,12:22:00 PM
2022-03-25 12:21:00,130.46,130.46,130.41,130.43,2612,my_symbols,26/04/2022,05/26/2022,12:21:00 PM
2022-03-25 12:20:00,130.415,130.48,130.4135,130.46,5896,my_symbols,26/04/2022,05/26/2022,12:20:00 PM
2022-03-25 12:19:00,130.38,130.43,130.37,130.43,3537,my_symbols,26/04/2022,05/26/2022,12:19:00 PM
2022-03-25 12:18:00,130.3723,130.38,130.35,130.37,4605,my_symbols,26/04/2022,05/26/2022,12:18:00 PM
2022-03-25 12:17:00,130.37,130.4,130.35,130.35,2471,my_symbols,26/04/2022,05/26/2022,12:17:00 PM
2022-03-25 12:16:00,130.45,130.45,130.36,130.36,5308,my_symbols,26/04/2022,05/26/2022,12:16:00 PM
2022-03-25 12:15:00,130.41,130.45,130.405,130.45,1681,my_symbols,26/04/2022,05/26/2022,12:15:00 PM
2022-03-25 12:14:00,130.42,130.42,130.4,130.41,1283,my_symbols,26/04/2022,05/26/2022,12:14:00 PM
2022-03-25 12:13:00,130.44,130.47,130.43,130.43,2969,my_symbols,26/04/2022,05/26/2022,12:13:00 PM
2022-03-25 12:12:00,130.42,130.45,130.39,130.435,2195,my_symbols,26/04/2022,05/26/2022,12:12:00 PM
2022-03-25 12:11:00,130.38,130.46,130.38,130.42,4533,my_symbols,26/04/2022,05/26/2022,12:11:00 PM
2022-03-25 12:10:00,130.47,130.47,130.39,130.39,4912,my_symbols,26/04/2022,05/26/2022,12:10:00 PM
2022-03-25 12:09:00,130.4,130.48,130.39,130.48,4826,my_symbols,26/04/2022,05/26/2022,12:09:00 PM
2022-03-25 12:08:00,130.47,130.47,130.4002,130.41,4844,my_symbols,26/04/2022,05/26/2022,12:08:00 PM
2022-03-25 12:07:00,130.58,130.6105,130.48,130.48,18102,my_symbols,26/04/2022,05/26/2022,12:07:00 PM
2022-03-25 12:06:00,130.51,130.6,130.51,130.59,7010,my_symbols,26/04/2022,05/26/2022,12:06:00 PM
2022-03-25 12:05:00,130.45,130.53,130.45,130.51,7303,my_symbols,26/04/2022,05/26/2022,12:05:00 PM
2022-03-25 12:04:00,130.41,130.47,130.41,130.44,5992,my_symbols,26/04/2022,05/26/2022,12:04:00 PM
2022-03-25 12:03:00,130.4,130.43,130.4,130.43,5235,my_symbols,26/04/2022,05/26/2022,12:03:00 PM
2022-03-25 12:02:00,130.42,130.43,130.38,130.41,4978,my_symbols,26/04/2022,05/26/2022,12:02:00 PM
2022-03-25 12:01:00,130.445,130.48,130.43,130.4562,3942,my_symbols,26/04/2022,05/26/2022,12:01:00 PM
2022-03-25 12:00:00,130.39,130.45,130.39,130.43,3704,my_symbols,26/04/2022,05/26/2022,12:00:00 PM
2022-03-25 11:59:00,130.36,130.405,130.3585,130.38,6928,my_symbols,26/04/2022,05/26/2022,11:59:00 AM
2022-03-25 11:58:00,130.2894,130.32,130.28,130.32,3462,my_symbols,26/04/2022,05/26/2022,11:58:00 AM
2022-03-25 11:57:00,130.335,130.335,130.23,130.3,17065,my_symbols,26/04/2022,05/26/2022,11:57:00 AM
2022-03-25 11:56:00,130.31,130.345,130.3,130.31,4767,my_symbols,26/04/2022,05/26/2022,11:56:00 AM
2022-03-25 11:55:00,130.41,130.41,130.31,130.33,3915,my_symbols,26/04/2022,05/26/2022,11:55:00 AM
2022-03-25 11:54:00,130.455,130.455,130.42,130.42,1573,my_symbols,26/04/2022,05/26/2022,11:54:00 AM
2022-03-25 11:53:00,130.455,130.465,130.42,130.4223,4946,my_symbols,26/04/2022,05/26/2022,11:53:00 AM
2022-03-25 11:52:00,130.36,130.41,130.355,130.41,2724,my_symbols,26/04/2022,05/26/2022,11:52:00 AM
2022-03-25 11:51:00,130.285,130.4,130.2701,130.37,4826,my_symbols,26/04/2022,05/26/2022,11:51:00 AM
2022-03-25 11:50:00,130.33,130.37,130.3004,130.3004,5501,my_symbols,26/04/2022,05/26/2022,11:50:00 AM
2022-03-25 11:49:00,130.4,130.4,130.35,130.355,6479,my_symbols,26/04/2022,05/26/2022,11:49:00 AM
2022-03-25 11:48:00,130.45,130.45,130.39,130.415,4601,my_symbols,26/04/2022,05/26/2022,11:48:00 AM
2022-03-25 11:47:00,130.5732,130.5732,130.45,130.47,15532,my_symbols,26/04/2022,05/26/2022,11:47:00 AM
2022-03-25 11:46:00,130.67,130.67,130.6,130.6,2868,my_symbols,26/04/2022,05/26/2022,11:46:00 AM
2022-03-25 11:45:00,130.65,130.67,130.63,130.65,2128,my_symbols,26/04/2022,05/26/2022,11:45:00 AM
2022-03-25 11:44:00,130.72,130.74,130.61,130.63,13597,my_symbols,26/04/2022,05/26/2022,11:44:00 AM
2022-03-25 11:43:00,130.81,130.84,130.73,130.73,12136,my_symbols,26/04/2022,05/26/2022,11:43:00 AM
2022-03-25 11:42:00,130.74,130.8399,130.73,130.78,11370,my_symbols,26/04/2022,05/26/2022,11:42:00 AM
2022-03-25 11:41:00,130.635,130.76,130.6321,130.75,10166,my_symbols,26/04/2022,05/26/2022,11:41:00 AM
2022-03-25 11:40:00,130.69,130.71,130.64,130.65,12290,my_symbols,26/04/2022,05/26/2022,11:40:00 AM
2022-03-25 11:39:00,130.55,130.645,130.55,130.63,4029,my_symbols,26/04/2022,05/26/2022,11:39:00 AM
2022-03-25 11:38:00,130.49,130.55,130.48,130.55,7840,my_symbols,26/04/2022,05/26/2022,11:38:00 AM
2022-03-25 11:37:00,130.39,130.5,130.38,130.5,10265,my_symbols,26/04/2022,05/26/2022,11:37:00 AM
2022-03-25 11:36:00,130.37,130.42,130.335,130.385,19865,my_symbols,26/04/2022,05/26/2022,11:36:00 AM
2022-03-25 11:35:00,130.23,130.38,130.215,130.35,8401,my_symbols,26/04/2022,05/26/2022,11:35:00 AM
2022-03-25 11:34:00,130.15,130.26,130.13,130.26,6376,my_symbols,26/04/2022,05/26/2022,11:34:00 AM
2022-03-25 11:33:00,130.24,130.26,130.12,130.14,12350,my_symbols,26/04/2022,05/26/2022,11:33:00 AM
2022-03-25 11:32:00,130.16,130.24,130.14,130.215,4396,my_symbols,26/04/2022,05/26/2022,11:32:00 AM
2022-03-25 11:31:00,130.08,130.15,130.06,130.15,9282,my_symbols,26/04/2022,05/26/2022,11:31:00 AM
2022-03-25 11:30:00,130.15,130.15,130.06,130.06,9515,my_symbols,26/04/2022,05/26/2022,11:30:00 AM
2022-03-25 11:29:00,129.99,130.13,129.98,130.12,6242,my_symbols,26/04/2022,05/26/2022,11:29:00 AM
2022-03-25 11:28:00,130.03,130.03,129.985,130.0,8392,my_symbols,26/04/2022,05/26/2022,11:28:00 AM
2022-03-25 11:27:00,130.11,130.12,130.05,130.05,4242,my_symbols,26/04/2022,05/26/2022,11:27:00 AM
2022-03-25 11:26:00,130.13,130.15,130.095,130.11,5126,my_symbols,26/04/2022,05/26/2022,11:26:00 AM
2022-03-25 11:25:00,130.225,130.225,130.13,130.14,6902,my_symbols,26/04/2022,05/26/2022,11:25:00 AM
2022-03-25 11:24:00,130.22,130.24,130.185,130.225,6011,my_symbols,26/04/2022,05/26/2022,11:24:00 AM
2022-03-25 11:23:00,130.34,130.36,130.23,130.26,5620,my_symbols,26/04/2022,05/26/2022,11:23:00 AM
2022-03-25 11:22:00,130.33,130.3498,130.3055,130.32,13343,my_symbols,26/04/2022,05/26/2022,11:22:00 AM
2022-03-25 11:21:00,130.305,130.418,130.305,130.3612,4118,my_symbols,26/04/2022,05/26/2022,11:21:00 AM
2022-03-25 11:20:00,130.35,130.35,130.24,130.2885,4594,my_symbols,26/04/2022,05/26/2022,11:20:00 AM
2022-03-25 11:19:00,130.3,130.39,130.3,130.3747,2371,my_symbols,26/04/2022,05/26/2022,11:19:00 AM
2022-03-25 11:18:00,130.34,130.34,130.27,130.3116,4942,my_symbols,26/04/2022,05/26/2022,11:18:00 AM
2022-03-25 11:17:00,130.34,130.38,130.3,130.3373,8277,my_symbols,26/04/2022,05/26/2022,11:17:00 AM
2022-03-25 11:16:00,130.29,130.34,130.29,130.325,4790,my_symbols,26/04/2022,05/26/2022,11:16:00 AM
2022-03-25 11:15:00,130.31,130.3313,130.27,130.3301,4139,my_symbols,26/04/2022,05/26/2022,11:15:00 AM
2022-03-25 11:14:00,130.31,130.31,130.24,130.3,9448,my_symbols,26/04/2022,05/26/2022,11:14:00 AM
2022-03-25 11:13:00,130.53,130.53,130.32,130.32,8202,my_symbols,26/04/2022,05/26/2022,11:13:00 AM
2022-03-25 11:12:00,130.64,130.64,130.51,130.54,4396,my_symbols,26/04/2022,05/26/2022,11:12:00 AM
2022-03-25 11:11:00,130.72,130.72,130.63,130.64,5324,my_symbols,26/04/2022,05/26/2022,11:11:00 AM
2022-03-25 11:10:00,130.74,130.75,130.675,130.71,9658,my_symbols,26/04/2022,05/26/2022,11:10:00 AM
2022-03-25 11:09:00,130.77,130.79,130.69,130.73,5617,my_symbols,26/04/2022,05/26/2022,11:09:00 AM
2022-03-25 11:08:00,130.775,130.84,130.775,130.7898,9993,my_symbols,26/04/2022,05/26/2022,11:08:00 AM
2022-03-25 11:07:00,130.8157,130.86,130.8,130.8,5227,my_symbols,26/04/2022,05/26/2022,11:07:00 AM
2022-03-25 11:06:00,130.78,130.85,130.765,130.803,7270,my_symbols,26/04/2022,05/26/2022,11:06:00 AM
2022-03-25 11:05:00,130.79,130.815,130.77,130.79,2439,my_symbols,26/04/2022,05/26/2022,11:05:00 AM
2022-03-25 11:04:00,130.72,130.795,130.72,130.79,7247,my_symbols,26/04/2022,05/26/2022,11:04:00 AM
2022-03-25 11:03:00,130.64,130.725,130.64,130.725,1629,my_symbols,26/04/2022,05/26/2022,11:03:00 AM
2022-03-25 11:02:00,130.65,130.65,130.57,130.639,8387,my_symbols,26/04/2022,05/26/2022,11:02:00 AM
2022-03-25 11:01:00,130.7,130.72,130.6269,130.66,10248,my_symbols,26/04/2022,05/26/2022,11:01:00 AM
2022-03-25 11:00:00,130.67,130.69,130.62,130.69,4580,my_symbols,26/04/2022,05/26/2022,11:00:00 AM
2022-03-25 10:59:00,130.71,130.74,130.67,130.72,6566,my_symbols,26/04/2022,05/26/2022,10:59:00 AM
2022-03-25 10:58:00,130.7235,130.7235,130.66,130.69,4098,my_symbols,26/04/2022,05/26/2022,10:58:00 AM
2022-03-25 10:57:00,130.77,130.82,130.71,130.71,4477,my_symbols,26/04/2022,05/26/2022,10:57:00 AM
2022-03-25 10:56:00,130.73,130.76,130.7,130.76,3243,my_symbols,26/04/2022,05/26/2022,10:56:00 AM
2022-03-25 10:55:00,130.7095,130.76,130.69,130.73,4634,my_symbols,26/04/2022,05/26/2022,10:55:00 AM
2022-03-25 10:54:00,130.815,130.83,130.67,130.69,7963,my_symbols,26/04/2022,05/26/2022,10:54:00 AM
2022-03-25 10:53:00,130.8484,130.8596,130.79,130.8,3376,my_symbols,26/04/2022,05/26/2022,10:53:00 AM
2022-03-25 10:52:00,130.74,130.83,130.74,130.83,8389,my_symbols,26/04/2022,05/26/2022,10:52:00 AM
2022-03-25 10:51:00,130.69,130.75,130.69,130.75,7103,my_symbols,26/04/2022,05/26/2022,10:51:00 AM
2022-03-25 10:50:00,130.675,130.675,130.615,130.665,2762,my_symbols,26/04/2022,05/26/2022,10:50:00 AM
2022-03-25 10:49:00,130.59,130.6785,130.575,130.66,5668,my_symbols,26/04/2022,05/26/2022,10:49:00 AM
2022-03-25 10:48:00,130.66,130.68,130.575,130.575,6954,my_symbols,26/04/2022,05/26/2022,10:48:00 AM
2022-03-25 10:47:00,130.6788,130.725,130.64,130.6548,4564,my_symbols,26/04/2022,05/26/2022,10:47:00 AM
2022-03-25 10:46:00,130.65,130.67,130.6,130.64,7510,my_symbols,26/04/2022,05/26/2022,10:46:00 AM
2022-03-25 10:45:00,130.69,130.69,130.58,130.66,8911,my_symbols,26/04/2022,05/26/2022,10:45:00 AM
2022-03-25 10:44:00,130.79,130.81,130.71,130.71,7905,my_symbols,26/04/2022,05/26/2022,10:44:00 AM
2022-03-25 10:43:00,130.86,130.865,130.77,130.77,8427,my_symbols,26/04/2022,05/26/2022,10:43:00 AM
2022-03-25 10:42:00,130.84,130.88,130.835,130.88,4102,my_symbols,26/04/2022,05/26/2022,10:42:00 AM
2022-03-25 10:41:00,130.78,130.82,130.76,130.805,5507,my_symbols,26/04/2022,05/26/2022,10:41:00 AM
2022-03-25 10:40:00,130.67,130.75,130.67,130.75,6213,my_symbols,26/04/2022,05/26/2022,10:40:00 AM
2022-03-25 10:39:00,130.78,130.7999,130.665,130.665,6143,my_symbols,26/04/2022,05/26/2022,10:39:00 AM
2022-03-25 10:38:00,130.905,130.905,130.77,130.8,11074,my_symbols,26/04/2022,05/26/2022,10:38:00 AM
2022-03-25 10:37:00,130.93,131.009,130.87,130.92,10889,my_symbols,26/04/2022,05/26/2022,10:37:00 AM
2022-03-25 10:36:00,130.99,131.025,130.92,130.92,4329,my_symbols,26/04/2022,05/26/2022,10:36:00 AM
2022-03-25 10:35:00,130.89,130.98,130.885,130.98,4084,my_symbols,26/04/2022,05/26/2022,10:35:00 AM
2022-03-25 10:34:00,130.87,130.87,130.79,130.865,5562,my_symbols,26/04/2022,05/26/2022,10:34:00 AM
2022-03-25 10:33:00,130.9,130.91,130.85,130.85,1415,my_symbols,26/04/2022,05/26/2022,10:33:00 AM
2022-03-25 10:32:00,130.84,130.92,130.84,130.8619,4430,my_symbols,26/04/2022,05/26/2022,10:32:00 AM
2022-03-25 10:31:00,130.92,130.94,130.84,130.84,9941,my_symbols,26/04/2022,05/26/2022,10:31:00 AM
2022-03-25 10:30:00,130.99,131.09,130.92,130.92,10214,my_symbols,26/04/2022,05/26/2022,10:30:00 AM
2022-03-25 10:29:00,130.955,131.02,130.95,130.995,2709,my_symbols,26/04/2022,05/26/2022,10:29:00 AM
2022-03-25 10:28:00,131.065,131.065,130.98,130.98,3124,my_symbols,26/04/2022,05/26/2022,10:28:00 AM
2022-03-25 10:27:00,130.99,131.07,130.975,131.07,2970,my_symbols,26/04/2022,05/26/2022,10:27:00 AM
2022-03-25 10:26:00,130.83,130.98,130.8101,130.96,11375,my_symbols,26/04/2022,05/26/2022,10:26:00 AM
2022-03-25 10:25:00,130.88,130.94,130.8,130.8494,7862,my_symbols,26/04/2022,05/26/2022,10:25:00 AM
2022-03-25 10:24:00,130.9484,130.9484,130.82,130.88,5901,my_symbols,26/04/2022,05/26/2022,10:24:00 AM
2022-03-25 10:23:00,130.8692,131.01,130.8692,130.9402,6862,my_symbols,26/04/2022,05/26/2022,10:23:00 AM
2022-03-25 10:22:00,130.73,130.8305,130.68,130.8305,11249,my_symbols,26/04/2022,05/26/2022,10:22:00 AM
2022-03-25 10:21:00,130.93,130.96,130.73,130.73,5966,my_symbols,26/04/2022,05/26/2022,10:21:00 AM
2022-03-25 10:20:00,130.87,130.91,130.85,130.905,11042,my_symbols,26/04/2022,05/26/2022,10:20:00 AM
2022-03-25 10:19:00,130.75,130.8596,130.73,130.8596,15128,my_symbols,26/04/2022,05/26/2022,10:19:00 AM
2022-03-25 10:18:00,130.88,130.89,130.74,130.74,12840,my_symbols,26/04/2022,05/26/2022,10:18:00 AM
2022-03-25 10:17:00,130.93,130.93,130.8708,130.875,3314,my_symbols,26/04/2022,05/26/2022,10:17:00 AM
2022-03-25 10:16:00,131.0,131.01,130.92,130.93,13246,my_symbols,26/04/2022,05/26/2022,10:16:00 AM
2022-03-25 10:15:00,130.8,130.96,130.8,130.96,3844,my_symbols,26/04/2022,05/26/2022,10:15:00 AM
2022-03-25 10:14:00,130.77,130.83,130.76,130.8132,13740,my_symbols,26/04/2022,05/26/2022,10:14:00 AM
2022-03-25 10:13:00,130.83,130.88,130.78,130.8,6861,my_symbols,26/04/2022,05/26/2022,10:13:00 AM
2022-03-25 10:12:00,130.88,130.88,130.81,130.88,7076,my_symbols,26/04/2022,05/26/2022,10:12:00 AM
2022-03-25 10:11:00,130.875,130.97,130.865,130.91,7457,my_symbols,26/04/2022,05/26/2022,10:11:00 AM
2022-03-25 10:10:00,130.86,130.86,130.79,130.86,6022,my_symbols,26/04/2022,05/26/2022,10:10:00 AM
2022-03-25 10:09:00,130.71,130.88,130.67,130.83,16496,my_symbols,26/04/2022,05/26/2022,10:09:00 AM
2022-03-25 10:08:00,130.82,130.866,130.66,130.69,17262,my_symbols,26/04/2022,05/26/2022,10:08:00 AM
2022-03-25 10:07:00,130.9757,131.04,130.82,130.82,8125,my_symbols,26/04/2022,05/26/2022,10:07:00 AM
2022-03-25 10:06:00,131.155,131.155,130.98,131.002,12768,my_symbols,26/04/2022,05/26/2022,10:06:00 AM
2022-03-25 10:05:00,131.105,131.2,131.105,131.1793,12182,my_symbols,26/04/2022,05/26/2022,10:05:00 AM
2022-03-25 10:04:00,131.0573,131.2,131.0573,131.11,9802,my_symbols,26/04/2022,05/26/2022,10:04:00 AM
2022-03-25 10:03:00,131.35,131.375,131.07,131.085,8229,my_symbols,26/04/2022,05/26/2022,10:03:00 AM
2022-03-25 10:02:00,131.15,131.31,131.13,131.31,19439,my_symbols,26/04/2022,05/26/2022,10:02:00 AM
2022-03-25 10:01:00,131.15,131.24,131.08,131.08,17681,my_symbols,26/04/2022,05/26/2022,10:01:00 AM
2022-03-25 10:00:00,131.23,131.23,131.16,131.195,11968,my_symbols,26/04/2022,05/26/2022,10:00:00 AM
2022-03-25 09:59:00,131.145,131.2894,131.145,131.24,9830,my_symbols,26/04/2022,05/26/2022,09:59:00 AM
2022-03-25 09:58:00,130.98,131.2,130.9,131.13,24419,my_symbols,26/04/2022,05/26/2022,09:58:00 AM
2022-03-25 09:57:00,130.97,131.01,130.94,130.94,6163,my_symbols,26/04/2022,05/26/2022,09:57:00 AM
2022-03-25 09:56:00,130.93,130.98,130.87,130.969,7717,my_symbols,26/04/2022,05/26/2022,09:56:00 AM
2022-03-25 09:55:00,130.82,131.0279,130.82,130.9457,18428,my_symbols,26/04/2022,05/26/2022,09:55:00 AM
2022-03-25 09:54:00,130.69,130.85,130.69,130.8159,14547,my_symbols,26/04/2022,05/26/2022,09:54:00 AM
2022-03-25 09:53:00,130.5301,130.7,130.5301,130.685,7995,my_symbols,26/04/2022,05/26/2022,09:53:00 AM
2022-03-25 09:52:00,130.53,130.6,130.4401,130.505,6364,my_symbols,26/04/2022,05/26/2022,09:52:00 AM
2022-03-25 09:51:00,130.58,130.6128,130.51,130.52,6691,my_symbols,26/04/2022,05/26/2022,09:51:00 AM
2022-03-25 09:50:00,130.45,130.565,130.44,130.55,11464,my_symbols,26/04/2022,05/26/2022,09:50:00 AM
2022-03-25 09:49:00,130.45,130.49,130.395,130.47,6413,my_symbols,26/04/2022,05/26/2022,09:49:00 AM
2022-03-25 09:48:00,130.5,130.5,130.355,130.415,6848,my_symbols,26/04/2022,05/26/2022,09:48:00 AM
2022-03-25 09:47:00,130.4,130.53,130.38,130.47,14613,my_symbols,26/04/2022,05/26/2022,09:47:00 AM
2022-03-25 09:46:00,130.165,130.292,130.1,130.292,7193,my_symbols,26/04/2022,05/26/2022,09:46:00 AM
2022-03-25 09:45:00,130.12,130.275,130.12,130.1992,4942,my_symbols,26/04/2022,05/26/2022,09:45:00 AM
2022-03-25 09:44:00,130.06,130.22,130.02,130.22,8613,my_symbols,26/04/2022,05/26/2022,09:44:00 AM
2022-03-25 09:43:00,130.18,130.3055,130.069,130.069,11731,my_symbols,26/04/2022,05/26/2022,09:43:00 AM
2022-03-25 09:42:00,130.1576,130.355,130.1576,130.22,11057,my_symbols,26/04/2022,05/26/2022,09:42:00 AM
2022-03-25 09:41:00,130.15,130.23,129.97,130.15,7589,my_symbols,26/04/2022,05/26/2022,09:41:00 AM
2022-03-25 09:40:00,130.24,130.27,130.125,130.16,6295,my_symbols,26/04/2022,05/26/2022,09:40:00 AM
2022-03-25 09:39:00,130.29,130.42,130.26,130.27,19388,my_symbols,26/04/2022,05/26/2022,09:39:00 AM
2022-03-25 09:38:00,130.29,130.38,130.13,130.3794,20959,my_symbols,26/04/2022,05/26/2022,09:38:00 AM
2022-03-25 09:37:00,130.19,130.34,130.18,130.34,8596,my_symbols,26/04/2022,05/26/2022,09:37:00 AM
2022-03-25 09:36:00,130.145,130.35,130.0675,130.28,19205,my_symbols,26/04/2022,05/26/2022,09:36:00 AM
2022-03-25 09:35:00,129.89,130.1253,129.81,130.1253,34749,my_symbols,26/04/2022,05/26/2022,09:35:00 AM
2022-03-25 09:34:00,129.63,129.95,129.63,129.93,9407,my_symbols,26/04/2022,05/26/2022,09:34:00 AM
2022-03-25 09:33:00,129.56,129.798,129.56,129.665,10296,my_symbols,26/04/2022,05/26/2022,09:33:00 AM
2022-03-25 09:32:00,129.4799,129.56,129.37,129.55,3049,my_symbols,26/04/2022,05/26/2022,09:32:00 AM
2022-03-25 09:31:00,129.5,129.7492,129.31,129.315,59986,my_symbols,26/04/2022,05/26/2022,09:31:00 AM
2022-03-25 09:30:00,129.31,129.31,129.31,129.31,100,my_symbols,26/04/2022,05/26/2022,09:30:00 AM
2022-03-25 09:20:00,129.5,129.5,129.5,129.5,190,my_symbols,26/04/2022,05/26/2022,09:20:00 AM
2022-03-25 09:14:00,129.6,129.6,129.6,129.6,108,my_symbols,26/04/2022,05/26/2022,09:14:00 AM
2022-03-25 08:59:00,129.7616,129.7616,129.7616,129.7616,206,my_symbols,26/04/2022,05/26/2022,08:59:00 AM
2022-03-25 08:02:00,129.24,129.24,129.24,129.24,102,my_symbols,26/04/2022,05/26/2022,08:02:00 AM
2022-03-25 06:57:00,129.29,129.29,129.29,129.29,501,my_symbols,26/04/2022,05/26/2022,06:57:00 AM
2022-03-24 20:00:00,129.24,129.24,129.24,129.24,100,my_symbols,25/04/2022,05/25/2022,08:00:00 PM
2022-03-24 19:43:00,129.2,129.2,129.2,129.2,3088,my_symbols,25/04/2022,05/25/2022,07:43:00 PM
2022-03-24 17:48:00,129.45,129.45,129.2085,129.2085,350,my_symbols,25/04/2022,05/25/2022,05:48:00 PM
2022-03-24 17:34:00,129.31,129.31,129.3,129.3,378,my_symbols,25/04/2022,05/25/2022,05:34:00 PM
2022-03-24 16:51:00,129.29,129.51,129.29,129.38,898,my_symbols,25/04/2022,05/25/2022,04:51:00 PM
2022-03-24 16:45:00,129.261,129.261,129.261,129.261,100,my_symbols,25/04/2022,05/25/2022,04:45:00 PM
2022-03-24 16:39:00,129.25,129.25,129.25,129.25,1591,my_symbols,25/04/2022,05/25/2022,04:39:00 PM
2022-03-24 16:38:00,129.34,129.35,129.34,129.35,1157,my_symbols,25/04/2022,05/25/2022,04:38:00 PM
2022-03-24 16:04:00,129.25,129.25,129.25,129.25,20302,my_symbols,25/04/2022,05/25/2022,04:04:00 PM
2022-03-24 16:03:00,129.25,129.25,129.25,129.25,9488,my_symbols,25/04/2022,05/25/2022,04:03:00 PM
2022-03-24 16:02:00,129.25,129.25,129.25,129.25,4881,my_symbols,25/04/2022,05/25/2022,04:02:00 PM
2022-03-24 16:01:00,129.25,129.25,129.25,129.25,24872,my_symbols,25/04/2022,05/25/2022,04:01:00 PM
2022-03-24 16:00:00,129.26,129.319,129.22,129.25,75932,my_symbols,25/04/2022,05/25/2022,04:00:00 PM
2022-03-24 15:59:00,129.25,129.28,129.25,129.255,27081,my_symbols,25/04/2022,05/25/2022,03:59:00 PM
2022-03-24 15:58:00,129.26,129.28,129.23,129.25,21466,my_symbols,25/04/2022,05/25/2022,03:58:00 PM
2022-03-24 15:57:00,129.28,129.29,129.24,129.2637,14731,my_symbols,25/04/2022,05/25/2022,03:57:00 PM
2022-03-24 15:56:00,129.2601,129.319,129.23,129.2601,25261,my_symbols,25/04/2022,05/25/2022,03:56:00 PM
2022-03-24 15:55:00,129.33,129.33,129.25,129.26,20874,my_symbols,25/04/2022,05/25/2022,03:55:00 PM
2022-03-24 15:54:00,129.3031,129.37,129.29,129.34,27026,my_symbols,25/04/2022,05/25/2022,03:54:00 PM
2022-03-24 15:53:00,129.26,129.315,129.25,129.31,13696,my_symbols,25/04/2022,05/25/2022,03:53:00 PM
2022-03-24 15:52:00,129.1624,129.255,129.16,129.255,16037,my_symbols,25/04/2022,05/25/2022,03:52:00 PM
2022-03-24 15:51:00,129.1,129.17,129.09,129.17,12185,my_symbols,25/04/2022,05/25/2022,03:51:00 PM
2022-03-24 15:50:00,129.04,129.1,129.04,129.1,10173,my_symbols,25/04/2022,05/25/2022,03:50:00 PM
2022-03-24 15:49:00,129.1,129.1,129.02,129.04,9153,my_symbols,25/04/2022,05/25/2022,03:49:00 PM
2022-03-24 15:48:00,129.08,129.135,129.06,129.1,10226,my_symbols,25/04/2022,05/25/2022,03:48:00 PM
2022-03-24 15:47:00,129.08,129.109,129.07,129.091,4637,my_symbols,25/04/2022,05/25/2022,03:47:00 PM
2022-03-24 15:46:00,129.03,129.06,129.025,129.055,6994,my_symbols,25/04/2022,05/25/2022,03:46:00 PM
2022-03-24 15:45:00,128.975,129.0437,128.965,129.02,7830,my_symbols,25/04/2022,05/25/2022,03:45:00 PM
2022-03-24 15:44:00,128.96,128.979,128.945,128.97,8707,my_symbols,25/04/2022,05/25/2022,03:44:00 PM
2022-03-24 15:43:00,128.99,128.99,128.945,128.955,12165,my_symbols,25/04/2022,05/25/2022,03:43:00 PM
2022-03-24 15:42:00,129.06,129.08,129.0,129.005,17480,my_symbols,25/04/2022,05/25/2022,03:42:00 PM
2022-03-24 15:41:00,129.04,129.06,129.0037,129.05,9947,my_symbols,25/04/2022,05/25/2022,03:41:00 PM
2022-03-24 15:40:00,129.04,129.055,129.0277,129.05,8130,my_symbols,25/04/2022,05/25/2022,03:40:00 PM
2022-03-24 15:39:00,129.08,129.1,129.04,129.04,5607,my_symbols,25/04/2022,05/25/2022,03:39:00 PM
2022-03-24 15:38:00,129.08,129.11,129.07,129.085,3958,my_symbols,25/04/2022,05/25/2022,03:38:00 PM
2022-03-24 15:37:00,129.12,129.15,129.08,129.08,11777,my_symbols,25/04/2022,05/25/2022,03:37:00 PM
2022-03-24 15:36:00,129.1,129.12,129.0847,129.12,4204,my_symbols,25/04/2022,05/25/2022,03:36:00 PM
2022-03-24 15:35:00,129.07,129.12,129.06,129.0999,8838,my_symbols,25/04/2022,05/25/2022,03:35:00 PM
2022-03-24 15:34:00,129.06,129.08,129.04,129.08,5622,my_symbols,25/04/2022,05/25/2022,03:34:00 PM
2022-03-24 15:33:00,129.04,129.08,129.01,129.07,5757,my_symbols,25/04/2022,05/25/2022,03:33:00 PM
2022-03-24 15:32:00,129.1,129.11,129.06,129.06,4112,my_symbols,25/04/2022,05/25/2022,03:32:00 PM
2022-03-24 15:31:00,129.11,129.11,129.08,129.1,4746,my_symbols,25/04/2022,05/25/2022,03:31:00 PM
2022-03-24 15:30:00,129.0804,129.115,129.0804,129.1,3124,my_symbols,25/04/2022,05/25/2022,03:30:00 PM
2022-03-24 15:29:00,129.145,129.145,129.07,129.095,4738,my_symbols,25/04/2022,05/25/2022,03:29:00 PM
2022-03-24 15:28:00,129.13,129.13,129.111,129.13,5377,my_symbols,25/04/2022,05/25/2022,03:28:00 PM
2022-03-24 15:27:00,129.1,129.15,129.09,129.13,3942,my_symbols,25/04/2022,05/25/2022,03:27:00 PM
